dataset,pred_len,base_crps,rcaf_crps,improvement,n_windows
ETTm2,96,1.9672554,1.9956946,-1.4456326,244
ETTm2,336,3.2568533,3.3483438,-2.8091688,69
Weather,96,5.4133167,5.5117893,-1.8190807,104
Weather,336,7.949095,8.271912,-4.061052,29
ETTh1,96,1.3056444,1.3322752,-2.039664,57
ETTh1,336,1.6985577,1.7714777,-4.2930517,16
ECL,96,103.100006,107.27398,-4.0484705,49
ECL,336,123.31529,130.95253,-6.1932607,14
