dataset,spectral_concentration,retrieved_imp,random_imp,actual_winner,predicted,correct
ETTh1,0.6048837304115295,6.551126819557669,10.454802169663708,random,random,True
ETTh2,0.6680112481117249,1.183828315641021,4.6068604287430235,random,random,True
ETTm1,0.34708932042121887,3.1172820964230414,7.085475366595347,random,random,True
ETTm2,0.35188740491867065,8.06855744866033,9.808313133243882,random,random,True
Weather,0.4478098750114441,5.245584850438638,0.023979317557525186,retrieval,random,False
ECL,0.47369030117988586,2.0841139984915427,-13.221526079767825,retrieval,random,False
Traffic,0.7821142077445984,-36.73440526387223,-101.8237990167443,retrieval,random,False
Exchange,0.8467676639556885,9.111171141477664,2.4315667926458486,retrieval,random,False
